step,len_top_returned,mass_k40,mass_k100,mass_k128,p_chosen_in_top
0,128,0.805149426,0.88402471,0.899062654,0.167117027
1,128,0.952836367,0.981022382,0.984517803,0.38539401
2,128,0.9679346,0.981145493,0.984031663,0.790684763
3,128,0.938793178,0.978893909,0.984324929,0.237203482
4,128,0.987499438,0.993714461,0.994941849,0.401410211
5,128,0.992719649,0.99689813,0.997606564,0.409760364
6,128,0.996096114,0.99760819,0.997949006,0.590582208
7,128,0.999961397,0.999993782,0.99999687,0.687998473
8,128,0.998044281,0.998952821,0.999123993,0.905800759
9,128,0.99869872,0.999338212,0.999445659,0.593962312
10,128,0.999875888,0.999928841,0.999941489,0.998799324
11,128,0.999999955,1.000001089,1.000001193,0.999627471
12,128,0.99997063,0.999988352,0.999991929,0.999562204
13,128,0.998297651,0.998971999,0.999118294,0.406414678
14,128,0.999609874,0.999817731,0.999853921,0.482162594
15,128,0.999771039,0.999874036,0.999894561,0.886941433
16,128,0.999603803,0.999866805,0.999895675,0.978009998
17,128,0.995157303,0.998111056,0.998537286,0.513882226
18,128,0.999976642,0.999991237,0.99999408,0.996072292
19,128,0.999615307,0.999827129,0.99985912,0.898965062
20,128,0.999521754,0.999795558,0.999844483,0.797473913
21,128,0.998195828,0.999294986,0.999429937,0.858124072
22,128,0.999786477,0.999880892,0.99989816,0.806794524
23,128,0.999760358,0.999867522,0.999890111,0.99817574
24,128,0.999554325,0.99982699,0.999866515,0.961089669
25,128,0.997318909,0.99937679,0.999525579,0.347039736
26,128,0.995692186,0.998090566,0.99837467,0.209014061
27,128,0.998567792,0.99925491,0.999378934,0.435240594
28,128,0.999564317,0.999764295,0.999802573,0.382921971
29,128,0.999579108,0.999738609,0.999768285,0.696956108
30,128,0.999932214,0.999963645,0.999971293,0.968479395
31,128,0.999891012,0.99994715,0.999957557,0.774254809
32,128,0.999562024,0.999816062,0.999860367,0.698545937
33,128,1.000000501,1.000000861,1.000000933,0.999987364
34,128,0.999477798,0.999779087,0.99983194,0.506635318
35,128,0.992861894,0.997197079,0.997809206,0.216594639
36,128,0.998929123,0.999451669,0.999537358,0.491440263
37,128,0.99977428,0.999905183,0.999925547,0.985401988
38,128,0.99999991,1.000000695,1.000000814,0.810803412
39,128,1.000000208,1.000000778,1.000000871,0.999987602
40,128,0.99999649,1.000000607,1.00000148,0.999898434
41,128,0.999657546,0.99986552,0.999892822,0.917513369
42,128,0.998703471,0.999402145,0.999501284,0.410868911
43,128,0.99989848,0.99995345,0.999965063,0.958207666
44,128,0.998299928,0.999294464,0.999422209,0.581647814
45,128,0.999838295,0.999912107,0.9999279,0.854540411
46,128,0.999855474,0.999923858,0.999936467,0.968438208
47,128,0.999868929,0.999943269,0.999954972,0.862368697
48,128,0.999881927,0.999954232,0.99996487,0.929466489
49,128,0.999719017,0.999857907,0.999883786,0.780465131
50,128,0.999983593,0.999995338,0.999997467,0.969263911
51,128,0.999716708,0.999901969,0.999926726,0.531408177
52,128,0.986093537,0.995711001,0.996813692,0.626552705
53,128,0.996317618,0.998842698,0.999096483,0.429853528
54,128,0.998090759,0.999041615,0.999217358,0.956981601
55,128,0.985442557,0.995054617,0.996372997,0.351860413
56,128,0.98507219,0.993261214,0.994646607,0.267922827
57,128,0.98321391,0.993999836,0.995504704,0.359170366
58,128,0.999159737,0.999630133,0.999699524,0.937454401
59,128,0.999999332,1.000001437,1.000001846,0.996083498
60,128,0.994527561,0.997627639,0.998071067,0.552503761
61,128,0.996699532,0.998610001,0.99891812,0.667078909
62,128,0.996413717,0.998491666,0.998748362,0.544576344
63,128,0.99292784,0.997583455,0.998026941,0.408633326
64,128,0.989658363,0.9969128,0.997603859,0.417826822
65,128,0.959360678,0.986052371,0.989873996,0.257194101
66,128,0.9988,0.999572929,0.999656963,0.936445233
67,128,0.996168055,0.998414622,0.998733191,0.44188438
68,128,0.994404025,0.997789931,0.998247642,0.464802402
69,128,0.995483149,0.998033443,0.998400973,0.47497148
70,128,0.993645139,0.9979457,0.998539641,0.725511132
71,128,0.890583108,0.965998723,0.974349712,0.12074217
72,128,0.928664089,0.960047111,0.965878708,0.489592571
73,128,0.98696893,0.993795109,0.994806144,0.601529834
74,128,0.999052321,0.99949352,0.999575949,0.844625655
75,128,0.990505315,0.995669924,0.996414323,0.398617149
76,128,0.999061252,0.999545122,0.999616355,0.868123168
77,128,0.984622516,0.994818603,0.995934169,0.681290326
78,128,0.997116662,0.998510029,0.998748902,0.975971997
79,128,0.908304194,0.945046422,0.952538934,0.594694187
80,128,0.931841705,0.964624128,0.969174243,0.205857901
81,128,0.987967826,0.994173368,0.995103562,0.642840572
82,128,0.998955692,0.999438205,0.999520114,0.676016385
83,128,0.965228928,0.987402441,0.990254365,0.213301963
84,128,0.957762289,0.983309127,0.986792017,0.320030883
85,128,0.982734978,0.994041939,0.995328383,0.38811288
86,128,0.999789006,0.999898378,0.999917781,0.978921354
87,128,0.995003104,0.997299038,0.997681855,0.779761436
88,128,0.999669387,0.999835068,0.999863565,0.962779583
89,128,0.999909897,0.999963809,0.999972736,0.996982157
90,128,0.998506653,0.999259811,0.999386216,0.940618397
91,128,0.994812036,0.997940331,0.99845104,0.686938764
92,128,0.979057306,0.99440697,0.996103731,0.433008962
93,128,0.992692586,0.996509495,0.997171585,0.296225858
94,128,0.998393998,0.999419383,0.99955511,0.69347608
95,128,0.997580756,0.999277109,0.999465305,0.727526732
96,128,0.999275536,0.999764317,0.999821163,0.979146123
97,128,0.998446239,0.999409106,0.999535021,0.876021264
98,128,0.999251072,0.999770957,0.999831494,0.658802264
99,128,0.999948741,0.999980167,0.999985857,0.998676717
100,128,0.999960291,0.999987224,0.999991712,0.991531432
101,128,0.999909996,0.999967626,0.999975615,0.85869592
102,128,0.999797002,0.999892719,0.999910017,0.814592244
103,128,0.999971075,0.999989422,0.999992468,0.967872262
104,128,0.999749823,0.999909324,0.999932208,0.526691975
105,128,0.998931292,0.999590071,0.999690833,0.834581377
106,128,0.99965255,0.999856516,0.999892988,0.901164355
107,128,0.999912641,0.999962184,0.999971494,0.971693336
108,128,0.999695965,0.999880352,0.999909951,0.678674516
109,128,0.999971783,0.999988172,0.999991831,0.98127824
110,128,0.999962001,0.999986406,0.999990438,0.996357262
111,128,0.999462606,0.999809578,0.99985571,0.847398882
112,128,0.980718807,0.994844885,0.996467203,0.380701072
113,128,0.984886686,0.997003692,0.997966451,0.45170514
114,128,0.999494873,0.999825228,0.999867015,0.629197605
115,128,0.998910485,0.999610855,0.999702366,0.986636221
116,128,0.991695596,0.997679536,0.998398281,0.327031459
117,128,0.980253906,0.993651608,0.995155578,0.447578498
118,128,0.976142953,0.991303216,0.993264134,0.319230417
119,128,0.989485621,0.99649173,0.99728043,0.359004063
120,128,0.99499858,0.998097398,0.998581414,0.418493896
121,128,0.998949302,0.999537944,0.999634449,0.728649489
122,128,0.99811494,0.999329547,0.999461253,0.306066704
123,128,0.988581823,0.996275026,0.997155599,0.339601746
124,128,0.999986078,0.99999887,1.000000282,0.966109632
125,128,0.998199189,0.999188012,0.999311108,0.62731451
126,128,0.999752252,0.99989093,0.999911814,0.725779596
127,128,0.999974539,0.99998944,0.999992841,0.999731123
128,128,1.000000071,1.000000367,1.00000039,0.999927044
129,128,0.999997382,1.000000503,1.000001023,0.999899149
130,128,0.997182938,0.998663542,0.99893703,0.446799999
131,128,0.976633228,0.995069508,0.996874584,0.190757239
132,128,0.995089996,0.998904934,0.99931436,0.713454135
133,128,0.997202988,0.999026062,0.999251384,0.758288373
134,128,0.98250105,0.995495305,0.996766088,0.449653836
135,128,0.997613797,0.999399606,0.999562851,0.745090542
136,128,0.988923089,0.99520267,0.996157223,0.478808018
137,128,0.999874242,0.999977051,0.999986888,0.439126258
138,128,0.999707415,0.999851951,0.999879015,0.908444461
139,128,0.999456777,0.999787681,0.999837612,0.465150139
140,128,0.999678663,0.999875097,0.999903096,0.68235397
141,128,0.999709394,0.999873157,0.99990302,0.983851016
142,128,0.99999978,1.000000663,1.000000761,0.999914169
143,128,0.999665207,0.999825196,0.999857149,0.975989103
144,128,0.999640581,0.999863061,0.999894084,0.752994289
145,128,0.999985703,0.999995881,0.999997822,0.999613345
146,128,1.000000055,1.000000195,1.000000205,0.99996984
147,128,1.000000494,1.000000927,1.000001,0.999977827
148,128,0.999935875,0.999970982,0.999977839,0.817699972
149,128,0.992909413,0.997311327,0.997931797,0.629305248
150,128,0.998279429,0.999383634,0.999539904,0.350778639
151,128,0.99950496,0.999724342,0.999762648,0.88586086
152,128,0.999029572,0.99946818,0.999539466,0.945006608
153,128,0.995199807,0.998351937,0.998807284,0.346002768
154,128,0.991353541,0.996623579,0.99747157,0.527009017
155,128,0.998378573,0.999394209,0.999533127,0.716454197
156,128,0.994072688,0.997870216,0.998351989,0.49328552
157,128,0.990726466,0.997013972,0.997703256,0.423350076
158,128,0.999229697,0.999722403,0.999788745,0.907089531
159,128,0.999999951,1.00000103,1.00000121,0.999971271
160,128,0.999182249,0.999748495,0.999810631,0.453549022
161,128,0.98430076,0.994527247,0.995672399,0.306329516
162,128,0.996515827,0.998508938,0.998850301,0.498323544
163,128,0.999745621,0.999843696,0.999861573,0.695662493
164,128,0.999968004,0.999986202,0.999990198,0.996911585
165,128,0.999825326,0.999915692,0.999934546,0.733723406
166,128,0.999661694,0.999890259,0.99992058,0.841849623
167,128,1.000000138,1.000001213,1.000001431,0.999976754
168,128,0.99917123,0.99977889,0.999840327,0.548630724
169,128,0.993644626,0.997177161,0.99771365,0.39121709
170,128,0.999089415,0.999504003,0.999581384,0.678061073
171,128,0.999813582,0.999911861,0.99993117,0.985589683
172,128,0.999999015,1.000000656,1.000000964,0.85630107
173,128,0.999994656,1.000000092,1.000001117,0.9998914
174,128,0.999999648,1.00000113,1.000001475,0.999985218
175,128,0.999686284,0.999880996,0.999906217,0.898238121
176,128,0.999717435,0.999880754,0.999905107,0.789211452
177,128,0.999261681,0.999733905,0.999798383,0.914496544
178,128,0.99940638,0.999749027,0.999797855,0.689617028
179,128,0.999424504,0.999696001,0.999747053,0.789687153
180,128,0.999923056,0.999965676,0.999973757,0.818183835
181,128,0.999950268,0.999975179,0.999980321,0.98572725
182,128,0.999909611,0.999964525,0.999974018,0.871293007
183,128,0.999929046,0.999974349,0.999980841,0.847692554
184,128,0.999820781,0.999915653,0.999933174,0.777714243
185,128,0.999985474,0.999996189,0.999998221,0.972149849
186,128,0.9998543,0.999951106,0.999965553,0.728261776
187,128,0.994934945,0.998440134,0.998797072,0.78082496
188,128,0.999496622,0.999841679,0.999878241,0.946879267
189,128,0.999977019,0.99999206,0.999995026,0.976873934
190,128,0.999984437,0.999995577,0.999997924,0.998169422
191,128,0.999842122,0.999932509,0.999946333,0.742563795
192,128,0.999744162,0.999903345,0.999928007,0.701858755
193,128,0.998948685,0.999524996,0.999615089,0.714032648
194,128,0.999948883,0.999975571,0.999980946,0.849181231
195,128,0.999991269,0.999998616,0.999999932,0.999808013
196,128,0.999943327,0.999975718,0.999981621,0.989941418
197,128,0.999779327,0.999927464,0.999948693,0.74073911
198,128,0.983169887,0.995686941,0.996951536,0.336461822
199,128,0.99628654,0.999073952,0.999323163,0.490618545
200,128,0.96431257,0.991294906,0.993807943,0.234180322
201,128,0.985353528,0.995700333,0.996771989,0.403407715
202,128,0.998712873,0.999611364,0.999708311,0.451493327
203,128,0.998316744,0.999371572,0.999531823,0.564348341
204,128,0.997910921,0.999227072,0.999408903,0.848391534
205,128,0.999957321,0.999984309,0.999989033,0.987507761
206,128,0.999973124,0.999991702,0.999994867,0.994869709
207,128,0.999771122,0.999875267,0.999895933,0.503810817
208,128,0.999994341,1.00000049,1.000001214,0.999371469
209,128,1.000000267,1.000000303,1.000000308,0.999999166
210,128,1.000000154,1.00000094,1.000001045,0.999960423
211,128,0.99940749,0.999721823,0.999773589,0.419538338
212,128,0.999571778,0.999791029,0.999827846,0.865615781
213,128,0.999970073,0.999987479,0.999991336,0.990696549
214,128,0.999971162,0.999990528,0.999994305,0.98981899
215,128,0.999996515,1.000000202,1.000000923,0.999322653
216,128,1.00000012,1.000001376,1.000001537,0.999954104
217,128,0.999584826,0.999767719,0.999805776,0.788809592
218,128,0.999971171,0.999991004,0.999994492,0.996641874
219,128,0.999996664,1.000000162,1.000000817,0.999838471
220,128,1.000000528,1.000000724,1.000000745,0.999995351
221,128,1.000000243,1.000001402,1.000001557,0.999982595
222,128,0.999976763,0.999993465,0.999996439,0.946493804
223,128,0.989086864,0.996829623,0.997534417,0.292317452
224,128,0.999999408,1.000001573,1.000001959,0.999698997
225,128,0.999927294,0.999982317,0.999988679,0.859247151
226,128,1.000000283,1.000000717,1.0000008,0.999873877
227,128,1.000000748,1.000000889,1.000000911,0.999932647
228,128,0.999996886,1.000000069,1.000000659,0.997068942
229,128,0.999967661,0.99998698,0.999991263,0.996035993
230,128,1.000000129,1.000000149,1.00000015,0.999990821
231,128,0.999895569,0.999953991,0.999963585,0.807225887
232,128,0.999995948,1.000000499,1.000001505,0.999347866
233,128,1.000000272,1.000000314,1.000000321,0.999998212
234,128,0.999999645,1.000000703,1.000000807,0.994675756
235,128,1.000000341,1.000000467,1.000000486,0.999962807
236,128,1.000000318,1.000000412,1.000000422,0.999990463
237,128,0.999998978,1.000001359,1.000001756,0.997249901
238,128,0.999999809,1.000001521,1.000001892,0.998767614
239,128,1.000000346,1.000000353,1.000000354,0.999996662
240,128,0.999952673,0.999984907,0.999989523,0.857733006
241,128,0.971674942,0.990574575,0.992664779,0.204109592
242,128,0.995161692,0.998678541,0.99901224,0.343500798
243,128,0.999875667,0.999947746,0.999960975,0.937042953
244,128,0.999961896,0.999985506,0.999990201,0.98920691
245,128,0.997936952,0.999058959,0.999235697,0.438745696
246,128,0.998271089,0.999265871,0.999423198,0.708285746
247,128,0.999972219,0.999990962,0.99999434,0.993029535
248,128,0.99981997,0.999930755,0.999948501,0.960865559
249,128,0.999947845,0.99998497,0.999990559,0.996441662
250,128,0.999900911,0.999954814,0.999965267,0.646837244
251,128,1.000000206,1.000000932,1.000001075,0.807840819
252,128,1.000000541,1.000001814,1.000002012,0.999879837
253,128,0.99999967,1.000000681,1.000000856,0.999955773
254,128,0.999918141,0.999975266,0.999982611,0.868272489
255,128,0.999892215,0.999957259,0.99996728,0.591958955
256,128,0.999960927,0.999983509,0.999988219,0.991839528
257,128,1.000000472,1.00000063,1.000000662,0.999989867
258,128,0.999994234,0.999999711,1.00000066,0.903972564
259,128,0.99999736,1.00000127,1.00000181,0.999826491
260,128,1.000000461,1.000000506,1.000000512,0.999998927
261,128,0.999987454,0.999998486,0.999999793,0.670135319
262,128,1.000000123,1.00000015,1.000000153,0.999996543
263,128,0.999995526,1.000000516,1.00000106,0.944144726
264,128,1.000000202,1.000001092,1.000001243,0.999960542
265,128,0.999999772,1.00000132,1.000001613,0.999807656
266,128,1.000000155,1.000000171,1.000000174,0.99999702
267,128,1.000000545,1.000001627,1.000001815,0.999945402
268,128,1.000000669,1.000000757,1.000000765,0.999993324
269,128,0.999997195,1.000000883,1.000001465,0.977767289
270,128,1.000000551,1.000000869,1.000000922,0.999983311
271,128,1.0000001,1.000000138,1.000000143,0.999978304
272,128,1.000000388,1.000000412,1.000000415,0.999997497
273,128,1.000000437,1.000000558,1.000000576,0.999846101
274,128,1.000000164,1.000000183,1.000000185,0.999985695
275,128,1.000000341,1.000000552,1.000000581,0.999985337
276,128,0.999999972,1.000000939,1.000001028,0.988561213
277,128,1.000000692,1.000001144,1.000001227,0.999977589
278,128,0.99998903,0.999999555,1.00000034,0.746956221
279,128,0.969373067,0.990856272,0.993648428,0.31081007
280,128,0.999735482,0.99988688,0.999909135,0.917459133
281,128,0.998661745,0.999460393,0.999566861,0.596222581
282,128,0.994324681,0.998547106,0.998910862,0.318976233
283,128,0.999535828,0.999764195,0.999808215,0.984381556
284,128,1.000000476,1.000001122,1.000001265,0.999974728
285,128,0.999984628,0.999998378,1.000000346,0.99904412
286,128,0.999781034,0.999906432,0.999922834,0.970490933
287,128,0.999999522,1.000001615,1.000002014,0.999936581
288,128,0.999999499,1.000000957,1.00000112,0.990642726
289,128,1.000000738,1.000001013,1.000001047,0.999987125
290,128,0.999997015,1.000000589,1.000000919,0.889182864
291,128,1.000000637,1.000000858,1.000000885,0.999985099
292,128,1.000000608,1.000000766,1.00000079,0.99998641
293,128,1.000000564,1.00000081,1.000000849,0.999993086
294,128,1.000000347,1.000000425,1.000000438,0.99995029
295,128,1.000000693,1.000000805,1.00000082,0.999977589
296,128,0.999999346,1.000000744,1.000000951,0.999952912
297,128,0.999999675,1.000000185,1.000000232,0.995828211
298,128,0.999998843,1.00000086,1.000001166,0.999929547
299,128,0.999992713,1.000000916,1.00000125,0.479857038
300,128,1.000000393,1.000001275,1.000001465,0.999910951
301,128,0.999009035,0.999696948,0.99977794,0.597279981
302,128,0.988788521,0.995726,0.996917883,0.435511802
303,128,0.995208858,0.998250592,0.998720289,0.44110929
304,128,0.998944695,0.999713277,0.999785598,0.476650679
305,128,0.999832898,0.999922991,0.99994193,0.949237762
306,128,0.999895865,0.999957643,0.99996788,0.987970412
307,128,0.995117263,0.99878661,0.999088647,0.512497852
308,128,0.998129417,0.999336619,0.999505362,0.823741376
309,128,0.996311819,0.998459638,0.998723181,0.564977651
310,128,0.993874631,0.9979209,0.998435379,0.616631982
311,128,0.967767556,0.991487603,0.99411276,0.506691882
312,128,0.996108876,0.999016429,0.999291571,0.644746062
313,128,0.946919647,0.985562819,0.989738982,0.334048116
314,128,0.965378456,0.986366388,0.989194075,0.269009863
315,128,0.997576628,0.998838405,0.999049789,0.843555449
316,128,0.991478765,0.996326143,0.997089059,0.309581987
317,128,0.999868071,0.999940489,0.999951382,0.822969438
318,128,1.000000435,1.00000071,1.000000751,0.999986291
319,128,0.99478091,0.998262452,0.99867319,0.613699309
320,128,0.999830101,0.999919936,0.999938257,0.982567608
321,128,1.000000411,1.000001023,1.000001127,0.99995935
322,128,0.999908578,0.999957108,0.999967415,0.985572874
323,128,0.999992831,0.999998949,1.000000185,0.999576509
324,128,1.000000214,1.000000548,1.000000594,0.999976158
325,128,0.997788777,0.999299703,0.999463536,0.809097708
326,128,0.998953528,0.999533397,0.999623311,0.730003117
327,128,0.999994487,0.999999738,1.000000647,0.844066082
328,128,0.99996197,0.999988753,0.999992584,0.989808678
329,128,0.994917013,0.998653041,0.999000012,0.310061349
330,128,0.959365207,0.987683216,0.99147625,0.395858338
331,128,0.968473033,0.990502894,0.993405801,0.578933835
332,128,0.99909623,0.999780945,0.999852362,0.734513349
333,128,0.986778279,0.99611445,0.997214121,0.258595291
334,128,0.995938938,0.998738234,0.999060316,0.417304355
335,128,0.992022219,0.997046721,0.997769787,0.354420104
336,128,0.968609378,0.991342696,0.993697041,0.222098377
337,128,0.988302385,0.996618546,0.997502364,0.251461319
338,128,0.960401472,0.985765585,0.989382327,0.205633408
339,128,0.992993521,0.997647996,0.998243964,0.685756868
340,128,0.997662851,0.999079226,0.999267186,0.349327079
341,128,0.976861072,0.993375333,0.995421283,0.271717795
342,128,0.950647222,0.987519822,0.990765495,0.254166186
343,128,0.994924512,0.998887821,0.999156101,0.443954431
344,128,0.945905102,0.983816019,0.988347375,0.189408543
345,128,0.990440673,0.995854915,0.996770596,0.524913009
346,128,0.962784948,0.988186923,0.991298272,0.299471888
347,128,0.954490676,0.987114941,0.990525817,0.28468276
348,128,0.965498741,0.991984453,0.994199809,0.42325821
349,128,0.993588091,0.998544497,0.998942077,0.404886009
350,128,0.931353527,0.982172039,0.987937855,0.131893229
351,128,0.874128226,0.941985841,0.954693643,0.26177525
352,128,0.96689979,0.990883904,0.993135068,0.353498687
353,128,0.996432473,0.998950852,0.999234958,0.413818382
354,128,0.998135758,0.99924833,0.999392792,0.783593717
355,128,0.995274636,0.99815961,0.998546179,0.899688663
356,128,0.983163127,0.994408793,0.995660104,0.2539672
357,128,0.998426073,0.99944811,0.999594316,0.88912511
358,128,0.991073169,0.996071468,0.996772175,0.526963817
359,128,0.988593642,0.99650513,0.997260435,0.337516101
360,128,0.96446543,0.990880929,0.993702707,0.129411802
361,128,0.997738207,0.999206173,0.999415762,0.847155566
362,128,0.994840362,0.998169046,0.998634801,0.314648807
363,128,0.999977324,0.999990813,0.999993662,0.995687544
364,128,0.940273681,0.971201546,0.976649642,0.216507797
365,128,0.955214118,0.978625763,0.982212351,0.481986801
366,128,0.910508392,0.942209762,0.950322308,0.671831793
367,128,0.969788064,0.981837915,0.983999381,0.515717031
368,128,0.999498149,0.999727532,0.999773707,0.993117452
369,128,0.993243925,0.996664417,0.997191596,0.664072278
370,128,0.999514161,0.999796877,0.999828127,0.928031561
371,128,0.983439393,0.994064538,0.995527825,0.568668308
372,128,0.993021811,0.997343064,0.997898382,0.294629092
373,128,0.997223189,0.998697138,0.998964252,0.617430872
374,128,0.996868319,0.998773582,0.999063435,0.773594857
375,128,0.998270207,0.999379444,0.999541233,0.949219763
376,128,0.998763605,0.999506245,0.999605138,0.881584105
377,128,0.999365991,0.999784724,0.999836845,0.710278088
378,128,0.999844684,0.999937964,0.999952817,0.99684155
379,128,0.999640695,0.999821282,0.999857206,0.899952231
380,128,0.999800642,0.99992104,0.99993852,0.847561297
381,128,0.99970949,0.999835918,0.999858975,0.864476198
382,128,0.999891555,0.999943957,0.999953794,0.556090461
383,128,0.999626101,0.999853177,0.999885311,0.574652192
384,128,0.998845197,0.999533477,0.99964096,0.867684605
385,128,0.999770339,0.999861359,0.999882277,0.585780155
386,128,0.999457342,0.99969733,0.999751241,0.984950423
387,128,0.999672528,0.999862876,0.999897173,0.927313028
388,128,0.999958825,0.999979992,0.999984568,0.964356661
389,128,0.99930606,0.999614963,0.999665976,0.885881605
390,128,0.999372123,0.999788718,0.999838938,0.843724733
391,128,0.992243379,0.998450923,0.998979943,0.521922707
392,128,0.990223005,0.998493382,0.998979584,0.352703468
393,128,0.999480395,0.999839074,0.999876689,0.701806485
394,128,0.999777819,0.999914249,0.999934077,0.995357096
395,128,0.998081122,0.99942154,0.999595864,0.486971831
396,128,0.994388339,0.998264552,0.998692719,0.374018553
397,128,0.966671182,0.990618883,0.993579215,0.372350447
398,128,0.995440712,0.999004603,0.999313798,0.759166187
399,128,0.957129416,0.989692395,0.993307399,0.166095459
400,128,0.915503361,0.960048778,0.968573335,0.299844576
401,128,0.94901788,0.980026546,0.984447149,0.288112618
402,128,0.998893894,0.999602145,0.999689173,0.944199027
403,128,0.997143432,0.998887149,0.999091213,0.573123646
404,128,0.999334109,0.999816851,0.999863096,0.465802691
405,128,0.999937858,0.999985789,0.999991234,0.921327653
406,128,0.999942084,0.999975317,0.999981628,0.999260128
407,128,0.99988172,0.999949761,0.999961515,0.994916558
408,128,0.999998274,1.000000588,1.00000092,0.996904552
409,128,1.000000643,1.000001249,1.000001347,0.999976873
410,128,1.000000466,1.00000118,1.000001264,0.994350135
411,128,0.999987348,0.999999032,1.000000066,0.833945866
412,128,0.987658132,0.996850763,0.997757564,0.434357946
413,128,0.995652981,0.998025307,0.998434821,0.29746432
414,128,0.998831961,0.999351628,0.999443533,0.554827394
415,128,0.993902771,0.997164104,0.997596735,0.605632585
416,128,0.992145016,0.997232469,0.997852406,0.561597475
417,128,0.999813523,0.999939912,0.999956663,0.956176399
418,128,0.998972492,0.999414139,0.999494165,0.875419616
419,128,0.994348059,0.998026005,0.998504778,0.260453527
420,128,0.996900084,0.99869525,0.998959421,0.738247097
421,128,0.999939215,0.999977956,0.999983618,0.998320401
422,128,0.999967308,0.999994498,0.999997196,0.900559307
423,128,0.998761141,0.999564597,0.999668003,0.825819141
424,128,0.994018272,0.99837685,0.998772657,0.376188068
425,128,0.995588526,0.998051889,0.99845785,0.501412325
426,128,0.994142907,0.998391686,0.998791022,0.798004096
427,128,0.999787571,0.999916961,0.999934757,0.863890833
428,128,0.999944651,0.999980492,0.999985964,0.996153653
429,128,0.995564293,0.99845571,0.998799853,0.347859298
430,128,0.995015122,0.99833935,0.998853856,0.341124095
431,128,0.985800767,0.995901444,0.996948925,0.686368415
432,128,0.99802634,0.999309907,0.999468685,0.29080737
433,128,0.985901517,0.994294464,0.995634046,0.224176651
434,128,0.997053991,0.999128221,0.999356756,0.225305336
435,128,0.997748784,0.998848781,0.999041696,0.385538136
436,128,0.997079651,0.998616503,0.998849237,0.584132836
437,128,0.996892391,0.998947928,0.999192144,0.88628954
438,128,0.999872605,0.999929571,0.999942668,0.913997827
439,128,0.995728377,0.998266222,0.998672997,0.426839274
440,128,0.999241649,0.99949152,0.999550395,0.582462063
441,128,0.999562847,0.99972956,0.999768078,0.827997083
442,128,0.999866701,0.999959144,0.999970221,0.576872812
443,128,0.984540362,0.996152396,0.99737791,0.498119115
444,128,0.99870596,0.999650091,0.999736468,0.539018334
445,128,0.999925312,0.99997427,0.999981766,0.993469715
446,128,0.998730048,0.999493954,0.999605657,0.677738371
447,128,0.997266306,0.999068273,0.999310028,0.548110078
448,128,0.999290074,0.999726944,0.999792384,0.533536258
449,128,0.997908831,0.999090215,0.999277473,0.651601554
450,128,0.9999455,0.999981663,0.999987948,0.981981695
451,128,0.99980677,0.999963021,0.999974629,0.888103663
452,128,1.000000419,1.000000745,1.000000792,0.999993443
453,128,0.999995849,1.000000052,1.00000039,0.712236042
454,128,0.999996684,1.000000262,1.000001016,0.941398682
455,128,0.999996161,1.00000023,1.000000773,0.996936679
456,128,0.999998849,1.000001174,1.000001619,0.999890208
457,128,1.000000102,1.000000755,1.000000809,0.999523759
458,128,0.999991784,0.999998988,1.000000152,0.999744475
459,128,0.999924744,0.999988176,0.999993254,0.59512853
460,128,0.962811068,0.991323316,0.9941576,0.18427156
461,128,0.998508471,0.999438355,0.999574956,0.8522442
462,128,0.993800187,0.997863127,0.998439016,0.483545864
463,128,0.978695654,0.993318834,0.994900149,0.262286279
464,128,0.999998035,1.000001109,1.000001692,0.9978683
465,128,0.991064514,0.996379447,0.997172664,0.47571836
466,128,0.997914432,0.999452929,0.99960997,0.857336279
467,128,0.996716922,0.999169717,0.999421718,0.550198124
468,128,0.998881131,0.999712505,0.999792018,0.304823858
469,128,0.996503293,0.998300052,0.998629258,0.259834722
470,128,0.992703541,0.997767385,0.998387013,0.526199708
471,128,0.997481585,0.999066563,0.99926908,0.850346267
472,128,0.999891572,0.999982251,0.99998891,0.98520422
473,128,0.999971629,0.99999455,0.999997195,0.919375059
474,128,0.99667634,0.998621684,0.998927329,0.721740373
475,128,0.999907688,0.999963652,0.999972488,0.99698621
476,128,0.999978793,0.999995966,0.999998335,0.983188212
477,128,0.999965887,0.999991591,0.999994865,0.959190489
478,128,0.999999804,1.000000343,1.000000401,0.998830855
479,128,0.999985482,0.99999813,0.999999591,0.697052595
480,128,0.985673621,0.996219865,0.99742003,0.631904007
481,128,0.997738463,0.998909574,0.999126493,0.681766094
482,128,0.998735015,0.99942519,0.999518643,0.569473687
483,128,0.995607264,0.998107887,0.998449333,0.636304906
484,128,0.998757143,0.999412829,0.999535178,0.832542117
485,128,0.996441871,0.998567219,0.998921752,0.60317135
486,128,0.995789227,0.99815529,0.998521684,0.635109064
487,128,0.994172588,0.998215184,0.99861452,0.656430006
488,128,0.999186792,0.999742734,0.999805596,0.927072584
489,128,0.999959049,0.999986738,0.999991109,0.998954177
490,128,0.995511152,0.998862306,0.999154816,0.346392026
491,128,0.998585391,0.999503342,0.999612533,0.787639861
492,128,0.998964481,0.999463156,0.999555216,0.805757942
493,128,0.999942456,0.999979027,0.999985307,0.997162163
494,128,0.999954273,0.999987915,0.999992443,0.87500888
495,128,0.999546349,0.999857301,0.999902048,0.93380767
496,128,0.998162548,0.999509479,0.999628856,0.530866853
497,128,0.988324065,0.996286663,0.997136018,0.39144647
498,128,0.999092731,0.999498277,0.999583151,0.702036447
499,128,0.997815428,0.998818436,0.999000314,0.59949177
500,128,0.99870589,0.999550236,0.99965068,0.929896656
501,128,0.982826975,0.995397251,0.996531079,0.257391964
502,128,0.998029228,0.999177713,0.999344667,0.660245594
503,128,0.98850814,0.996848921,0.997758818,0.472395525
504,128,0.993339018,0.99837262,0.998787107,0.277063934
505,128,0.99996191,0.999982232,0.999986903,0.998505473
506,128,0.998051403,0.999504572,0.999656409,0.854186769
507,128,0.998839977,0.999721659,0.999795599,0.731080584
508,128,0.995332441,0.998476907,0.998829243,0.756465199
509,128,0.998963795,0.999638808,0.999714927,0.218746753
510,128,0.973702174,0.993622647,0.995246887,0.306239186
511,128,0.99610777,0.998084269,0.998441394,0.401851288
512,128,0.943921782,0.985701443,0.989690225,0.310245068
513,128,0.996850388,0.998299491,0.998548027,0.847351974
514,128,0.981576978,0.99628106,0.997413438,0.275958729
515,128,0.997340243,0.998957326,0.999157186,0.333873942
516,128,0.998900556,0.999338715,0.999433517,0.499339896
517,128,0.997701521,0.999144344,0.999317651,0.571259931
518,128,0.999954312,0.999985622,0.999990515,0.981380881
519,128,0.999767029,0.999925028,0.999945054,0.743733873
520,128,0.996306819,0.999027437,0.999358864,0.433897223
521,128,0.994803465,0.998281533,0.998713283,0.902498903
522,128,0.999716787,0.999893962,0.999921357,0.928840342
523,128,0.988774136,0.996730921,0.997503179,0.231333234
524,128,0.991728392,0.99696365,0.997573795,0.368857821
525,128,0.999130327,0.999654725,0.999743515,0.904225469
526,128,0.991144377,0.994970133,0.995683724,0.311073098
527,128,0.994333345,0.997196805,0.997657703,0.608465306
528,128,0.998350328,0.999392463,0.999541614,0.553792896
529,128,0.999898246,0.999945745,0.999956458,0.991934657
530,128,0.997991425,0.999344873,0.999536228,0.467613834
531,128,0.979579986,0.993833822,0.995746297,0.324165657
532,128,0.984811999,0.994634262,0.9958821,0.782100497
533,128,0.997225736,0.999328781,0.999497597,0.306292015
534,128,0.978400676,0.9935805,0.995591464,0.37647081
535,128,0.985675473,0.994819625,0.996021427,0.46261959
536,128,0.999886748,0.999954516,0.999966233,0.996457994
537,128,0.998628611,0.999339803,0.99946154,0.818691248
538,128,0.999828813,0.999918466,0.999934473,0.988552928
539,128,1.000000305,1.000000614,1.000000663,0.99998045
540,128,0.999992248,0.999999652,1.000000537,0.867816392
541,128,1.000000399,1.000000421,1.000000423,0.999998569
542,128,0.999231071,0.999680657,0.999746054,0.776883419
543,128,0.999972712,0.99999053,0.99999398,0.995119571
544,128,1.000000171,1.00000029,1.00000031,0.999976397
545,128,0.999890498,0.999949214,0.999961182,0.98567605
546,128,0.999997626,1.000000974,1.000001641,0.999417663
547,128,1.000000563,1.000000858,1.000000912,0.999940634
548,128,1.00000014,1.000000838,1.000000898,0.995114803
549,128,1.000000304,1.000000322,1.000000324,0.999996781
550,128,0.999120566,0.999708765,0.999785805,0.449064992
551,128,0.990019179,0.997365967,0.998184089,0.44669338
552,128,0.996793059,0.998632606,0.998902724,0.531954334
553,128,0.999937008,0.999966927,0.999973834,0.735169297
554,128,0.991130745,0.995848319,0.996689225,0.309318302
555,128,0.999989568,0.999997793,0.999999313,0.988866031
556,128,1.000000352,1.000000751,1.000000832,0.999980688
557,128,0.999967895,0.99998751,0.999991907,0.98524183
558,128,0.999509949,0.999775536,0.999820413,0.912360786
559,128,1.000000186,1.000000827,1.000000873,0.999758661
560,128,0.999729976,0.999891851,0.999914507,0.883761525
561,128,0.999733945,0.999887097,0.999913497,0.964826643
562,128,0.999999928,1.000000203,1.000000252,0.999982953
563,128,0.999981803,0.99999721,0.999999045,0.870969173
564,128,1.00000078,1.000001474,1.000001588,0.999358356
565,128,1.000000015,1.000000042,1.000000046,0.999997854
566,128,0.999994245,0.999999779,1.00000084,0.990133941
567,128,0.999994372,0.99999951,1.000000599,0.996117234
568,128,1.00000041,1.000000429,1.00000043,0.999996781
569,128,0.999838734,0.999944364,0.999958923,0.551260242
570,128,0.991450802,0.997299518,0.998081583,0.565102465
571,128,0.991635357,0.996810121,0.997515116,0.495494758
572,128,0.999997379,1.000000636,1.000001316,0.994386792
573,128,0.999512995,0.999823173,0.999866499,0.920787574
574,128,1.000000401,1.000001419,1.000001576,0.999943137
575,128,1.000000056,1.000000077,1.00000008,0.999998331
576,128,0.999989526,0.999998088,0.999999731,0.998833835
577,128,0.999923524,0.999964787,0.999973092,0.978890598
578,128,1.000000208,1.000000435,1.000000458,0.999563634
579,128,0.999558919,0.999849655,0.999882147,0.834082249
580,128,0.986793304,0.995696524,0.996963877,0.409983388
581,128,0.998719377,0.999705437,0.999777357,0.526457614
582,128,0.999958548,0.999984813,0.999989872,0.956217231
583,128,0.999874459,0.999955642,0.999967061,0.922160086
584,128,0.996871636,0.998923716,0.999185473,0.493283491
585,128,0.998765387,0.999443685,0.999555137,0.542777604
586,128,0.999844345,0.999954801,0.999969632,0.716091092
587,128,1.000000385,1.000000932,1.000001065,0.999968767
588,128,1.000000186,1.000000197,1.000000198,0.999997973
589,128,0.999470137,0.999820931,0.999865154,0.775315651
590,128,0.999961467,0.999987665,0.9999921,0.988596022
591,128,1.00000023,1.000000528,1.000000585,0.999979734
592,128,0.99998355,0.999997638,0.999999403,0.944249869
593,128,1.00000025,1.000000291,1.000000297,0.999997377
594,128,0.999997271,1.000001325,1.000001905,0.999761522
595,128,0.999999949,1.000001416,1.000001707,0.992505729
596,128,1.000000689,1.000000893,1.000000927,0.999994755
597,128,0.999999769,1.000001082,1.000001269,0.995629072
598,128,1.000000328,1.00000044,1.00000046,0.999995351
599,128,0.999807997,0.999939301,0.999956564,0.496967222
600,128,0.969201738,0.99151247,0.994433664,0.181154544
601,128,0.99759373,0.999020955,0.999194839,0.51479203
602,128,0.996625492,0.998371721,0.998644456,0.550113554
603,128,0.999624202,0.999825331,0.999860429,0.980354369
604,128,0.996868157,0.998407131,0.998673348,0.530603877
605,128,0.997514363,0.998806951,0.999042076,0.80975223
606,128,1.000000061,1.000001084,1.000001263,0.999780953
607,128,0.995353321,0.998284054,0.998706361,0.899911223
608,128,0.992661474,0.997466907,0.998136689,0.553234869
609,128,0.999066011,0.999745594,0.999805349,0.724893937
610,128,0.996530426,0.998907383,0.999191275,0.708488755
611,128,0.998598872,0.999284767,0.999424327,0.964859067
612,128,0.999980542,0.999994187,0.999996736,0.99920541
613,128,0.991380216,0.996819995,0.997621425,0.537905863
614,128,0.999950039,0.999979185,0.999984828,0.998831093
615,128,1.000000442,1.000000882,1.000000962,0.999953628
616,128,0.983621518,0.994483268,0.995963604,0.217703185
617,128,0.997913525,0.999473939,0.999600315,0.401865444
618,128,0.994843151,0.998731914,0.999147929,0.834309578
619,128,0.992205243,0.997381204,0.998070877,0.376002186
620,128,0.998703655,0.999591131,0.999687571,0.31173365
621,128,0.998239244,0.999363192,0.999505246,0.556355357
622,128,0.994373251,0.997380533,0.997900537,0.34348966
623,128,0.998987751,0.999617467,0.999714223,0.371838565
624,128,0.998436646,0.999290994,0.999429809,0.528036726
625,128,0.999995017,1.000000537,1.000001442,0.994799614
626,128,0.999573042,0.999839858,0.999873298,0.872646148
627,128,0.999967482,0.99998866,0.999992734,0.996948898
628,128,1.000000261,1.000000417,1.000000443,0.999991298
629,128,0.999138332,0.999689105,0.999756864,0.515814299
630,128,0.999288937,0.999695817,0.999767971,0.933950426
631,128,0.999996086,0.999999222,0.999999902,0.511652299
632,128,0.999998506,1.000001128,1.000001598,0.986773491
633,128,0.999998732,1.000000683,1.000001,0.999823511
634,128,1.000000373,1.00000091,1.000001007,0.998830616
635,128,0.999449226,0.999823757,0.999865906,0.486819295
636,128,0.996591544,0.998523016,0.998807816,0.504049187
637,128,0.993584544,0.997504655,0.998049078,0.598609077
638,128,0.99997021,0.999989174,0.999992957,0.986416101
639,128,0.996878505,0.998663345,0.998940442,0.367359868
640,128,0.998468328,0.999211314,0.999336773,0.680582408
641,128,0.999997914,1.000000811,1.000001275,0.999743164
642,128,0.999937354,0.999984829,0.999990566,0.676327766
643,128,0.998185867,0.999052934,0.999204938,0.453618288
644,128,0.998564563,0.999206364,0.999335492,0.934802058
645,128,0.987968055,0.995441857,0.996554334,0.406443772
646,128,0.995784875,0.998341409,0.998704307,0.442169058
647,128,0.999903428,0.999954869,0.999964436,0.790906781
648,128,0.994312878,0.998690737,0.999061187,0.495635033
649,128,0.995704813,0.998147481,0.998514625,0.551132079
650,128,0.999975428,0.999989751,0.999993077,0.997438431
651,128,0.997298414,0.998949201,0.999197716,0.88733512
652,128,0.99982361,0.999918215,0.999935046,0.996163607
653,128,1.000000511,1.000000666,1.000000687,0.999989986
654,128,0.999971572,0.999993087,0.99999592,0.657390123
655,128,0.999991044,0.999998488,0.999999968,0.999738276
656,128,1.00000085,1.000001126,1.000001171,0.999993801
657,128,0.998570434,0.999515172,0.999654173,0.639509851
658,128,0.99845574,0.99938034,0.999515013,0.814403357
659,128,1.000000827,1.000001487,1.000001621,0.99636662
660,128,0.999936134,0.999973793,0.999980835,0.997721732
661,128,0.999997439,1.00000078,1.000001501,0.99882704
662,128,1.000000065,1.000000927,1.000001106,0.999896646
663,128,0.999998595,1.000000893,1.000001118,0.987170994
664,128,1.0000003,1.000001066,1.000001204,0.999963641
665,128,0.999999943,1.000001527,1.000001803,0.999549448
666,128,0.999744061,0.99990414,0.999930418,0.843475106
667,128,0.993535248,0.998325933,0.998850308,0.523347451
668,128,0.991019827,0.996808614,0.997470602,0.413007977
669,128,0.997763241,0.999209507,0.99940115,0.542087197
670,128,0.992368732,0.997549319,0.998226663,0.727384859
671,128,0.995025161,0.997677922,0.998171644,0.767101523
672,128,0.999963281,0.999987168,0.999991398,0.998474061
673,128,0.997693136,0.999193906,0.999378479,0.503846403
674,128,0.999797831,0.999909305,0.999928547,0.996920943
675,128,1.000000469,1.000001995,1.000002263,0.999642611
676,128,0.993118526,0.998132266,0.998607544,0.551839959
677,128,0.999475815,0.99985574,0.999897828,0.391970905
678,128,0.986164417,0.996278819,0.997443572,0.391784674
679,128,0.977384216,0.993136387,0.995107286,0.637513583
680,128,0.996781158,0.999136961,0.999353475,0.341899321
681,128,0.959295914,0.986390858,0.990737615,0.256984044
682,128,0.960331986,0.988261178,0.992111598,0.399881322
683,128,0.979230728,0.990831625,0.992630944,0.538592935
684,128,0.99964809,0.999849043,0.999884415,0.993479729
685,128,0.959470985,0.986431529,0.989896577,0.3366835
686,128,0.999168719,0.999547491,0.999632722,0.972480952
687,128,0.999999944,1.000001199,1.000001479,0.999388576
688,128,0.959105424,0.988618918,0.991761362,0.176438726
689,128,0.999996809,1.000000706,1.000001471,0.999940872
690,128,0.993043139,0.99716793,0.997702138,0.412522246
691,128,0.999983948,0.999994576,0.999996695,0.972036302
692,128,0.993665689,0.997644519,0.998106191,0.697532177
693,128,0.999998507,1.000000753,1.000001207,0.999728978
694,128,1.000000606,1.000000896,1.000000936,0.999993086
695,128,0.99997982,0.999991877,0.99999457,0.994367182
696,128,0.999963229,0.999983617,0.999988263,0.991359234
697,128,1.000000376,1.00000092,1.000000971,0.999924779
698,128,0.999522309,0.999831419,0.999873508,0.49032965
699,128,0.985121673,0.995925517,0.997406527,0.258471643
700,128,0.985569865,0.996168382,0.997268854,0.567469241
701,128,0.99917509,0.999721409,0.999789028,0.307922439
702,128,0.99913863,0.999699659,0.999772512,0.386103602
703,128,0.99033876,0.995970859,0.99679947,0.280618957
704,128,0.998733192,0.999480842,0.999600279,0.38573179
705,128,0.996582182,0.998599764,0.998883988,0.476863692
706,128,0.999924367,0.999965377,0.999974396,0.986533641
707,128,0.999489843,0.999794524,0.999839731,0.920506176
708,128,0.999981646,0.999993544,0.999995909,0.996183693
709,128,1.000000209,1.000000346,1.000000373,0.999988317
710,128,0.999784187,0.999922969,0.999942256,0.746049278
711,128,0.999761074,0.999900449,0.999923132,0.963045418
712,128,1.000000878,1.000001386,1.000001459,0.993923962
713,128,1.000000466,1.000000766,1.000000816,0.99974829
714,128,1.000000473,1.00000148,1.000001654,0.999752462
715,128,1.000000658,1.000000798,1.000000819,0.99998641
716,128,0.999651539,0.999889647,0.99991841,0.627320343
717,128,0.997102535,0.998818165,0.999043684,0.601833522
718,128,0.99998756,0.999996982,0.999998891,0.998765111
719,128,0.999690933,0.999873312,0.999899023,0.708993489
720,128,0.998993062,0.999455421,0.999545571,0.820019001
721,128,0.999994365,0.999999902,1.000000892,0.997752845
722,128,0.998507709,0.999429874,0.999569857,0.831451242
723,128,0.999667907,0.999837734,0.99987066,0.744066001
724,128,0.999999308,1.000001099,1.000001343,0.999678135
725,128,1.000000071,1.000001067,1.000001281,0.999782622
726,128,0.999997813,1.000000771,1.00000132,0.999207079
727,128,1.00000023,1.000000368,1.000000388,0.999985576
728,128,0.999345704,0.999788906,0.999840178,0.588885792
729,128,0.989290137,0.997258234,0.998211443,0.651370234
730,128,0.974221156,0.991835946,0.994041258,0.308589728
731,128,0.99693012,0.999063506,0.999334969,0.692744145
732,128,0.95979646,0.985578738,0.989887099,0.444244811
733,128,0.98255685,0.992384318,0.994162837,0.369762958
734,128,0.999594918,0.999812081,0.99984752,0.985516966
735,128,0.993063409,0.997272999,0.997881185,0.579500202
736,128,0.999861531,0.999938425,0.999954627,0.995967031
737,128,1.000000222,1.000000261,1.000000267,0.99999392
738,128,0.999993497,1.000000248,1.000001154,0.988087714
739,128,1.000000026,1.000000403,1.000000466,0.999964237
740,128,1.000000398,1.000000469,1.000000477,0.999995828
741,128,0.999640231,0.999886607,0.999914927,0.899424616
742,128,0.999694112,0.999869825,0.99990062,0.942406595
743,128,1.00000042,1.000000893,1.000000965,0.999848008
744,128,0.99997504,0.999990842,0.999994159,0.998378158
745,128,0.999998299,1.000000815,1.000001384,0.997187197
746,128,1.000000477,1.000000649,1.000000672,0.999983788
747,128,0.99999689,1.000000603,1.00000115,0.999769986
748,128,1.000000582,1.000001012,1.000001074,0.999950409
749,128,1.000000078,1.000000116,1.000000121,0.999994993
750,128,0.99979953,0.999949063,0.999964255,0.911087516
751,128,0.994351537,0.998876767,0.999171832,0.292486718
752,128,0.983479348,0.995254543,0.996470034,0.445686467
753,128,0.997428452,0.999217903,0.999417441,0.412523328
754,128,0.998456988,0.999282243,0.999417202,0.560643145
755,128,0.999990885,0.99999892,1.000000479,0.999076843
756,128,0.999431381,0.999768548,0.99982145,0.440797707
757,128,0.999996547,1.000000698,1.000001619,0.925992846
758,128,1.000000236,1.000000266,1.000000272,0.999996066
759,128,0.999695511,0.999909347,0.999932018,0.648280153
760,128,0.999863296,0.999951395,0.999964596,0.962022484
761,128,1.000000652,1.000001252,1.000001344,0.999190033
762,128,0.999999056,1.000001232,1.000001638,0.995466828
763,128,0.99999714,1.000000463,1.000001176,0.971943677
764,128,1.000000196,1.00000021,1.000000213,0.999998689
765,128,0.999025661,0.999740047,0.999816594,0.507049681
766,128,0.999104734,0.999752283,0.999827213,0.759738632
767,128,0.99743368,0.99919882,0.99939913,0.658904662
768,128,0.999999716,1.000001245,1.000001526,0.998926699
769,128,0.999903214,0.999961597,0.999971785,0.913621547
770,128,1.000000724,1.000001668,1.000001846,0.999957204
771,128,1.000000064,1.000000106,1.000000111,0.999990582
772,128,0.99989186,0.999961328,0.999972156,0.913929105
773,128,0.999958726,0.999984915,0.999989708,0.994708061
774,128,1.000000461,1.000000779,1.00000083,0.993312418
775,128,1.000000631,1.000000865,1.000000905,0.998726428
776,128,1.000000295,1.000001533,1.000001715,0.99994278
777,128,1.000000245,1.000000349,1.000000365,0.999964714
778,128,0.999880396,0.999961779,0.999974314,0.873175444
779,128,0.997006088,0.999346234,0.999546897,0.5521388
780,128,0.996565325,0.99860444,0.998851912,0.734100944
781,128,0.999978711,0.999991626,0.999994129,0.99690789
782,128,0.999335675,0.999701552,0.999765028,0.441426041
783,128,1.000000928,1.000001368,1.000001455,0.999966502
784,128,1.000000498,1.000000532,1.000000535,0.999990463
785,128,0.999959461,0.999984322,0.999989122,0.995777965
786,128,0.999902252,0.999945434,0.999955798,0.953004838
787,128,1.00000013,1.000000467,1.000000496,0.985670984
788,128,0.998106279,0.999395914,0.999575957,0.456303347
789,128,0.999843269,0.999921236,0.999936685,0.793507342
790,128,1.000000907,1.000001616,1.000001765,0.999981403
791,128,1.0000001,1.000000195,1.000000213,0.999996662
792,128,0.999988312,0.999999079,1.000000402,0.930940209
793,128,1.000000702,1.000000924,1.000000959,0.999873281
794,128,1.000000051,1.000000058,1.000000059,0.999999166
795,128,0.999999739,1.00000103,1.000001153,0.708762474
796,128,1.000000481,1.000000686,1.000000711,0.999887347
797,128,1.000000319,1.000000338,1.000000341,0.999999404
798,128,1.000000272,1.000000531,1.000000565,0.999989986
799,128,1.000000449,1.000000519,1.000000528,0.999990344
800,128,0.9999993,1.000001419,1.000001703,0.999663591
801,128,0.999999922,1.00000093,1.000001104,0.999931574
802,128,1.000000228,1.000000553,1.000000604,0.999940157
803,128,1.000000139,1.000001127,1.000001226,0.998660922
804,128,0.999999175,1.000000912,1.000001224,0.99994874
805,128,0.999982654,0.999993396,0.999996084,0.990406334
806,128,1.000000312,1.000000582,1.000000604,0.999126852
807,128,0.999931312,0.999980935,0.999987241,0.947268666
808,128,0.999941607,0.999970515,0.999976784,0.701340915
809,128,1.00000017,1.00000044,1.000000492,0.999976516
810,128,0.999998295,1.000000879,1.000001118,0.989758253
811,128,1.000000342,1.000000807,1.000000882,0.99992013
812,128,1.000000088,1.0000001,1.000000102,0.999997258
813,128,1.00000018,1.000001037,1.000001139,0.981383621
814,128,0.999970445,0.999988075,0.999991647,0.914937261
815,128,0.99999957,1.000001522,1.000001903,0.99981159
816,128,1.000000199,1.00000032,1.00000034,0.999996305
817,128,0.999993042,0.999999792,1.000000552,0.910704671
818,128,1.000000675,1.000001023,1.000001068,0.999851704
819,128,1.000000423,1.000000493,1.000000502,0.999989271
820,128,0.999998142,1.000000901,1.000001211,0.998217642
821,128,1.000000245,1.000001023,1.000001157,0.999962807
822,128,0.999997829,1.000001157,1.00000191,0.999089122
823,128,0.999999793,1.000000488,1.000000555,0.999714434
824,128,0.999970623,0.999993912,0.999997052,0.964283405
825,128,0.999637036,0.999798156,0.999834314,0.687110241
826,128,1.000000472,1.000000751,1.000000797,0.999967933
827,128,0.99999965,1.000000981,1.000001186,0.999208987
828,128,0.999981169,0.999992944,0.999995654,0.967076123
829,128,1.000000264,1.000000376,1.000000386,0.997381985
830,128,0.999986908,0.999997783,0.999999659,0.99778086
831,128,0.999977975,0.999991204,0.999994262,0.997813463
832,128,0.999999199,1.000000869,1.000001008,0.999744475
833,128,0.997463739,0.999266808,0.999467321,0.653778136
834,128,0.986364096,0.996722144,0.997608149,0.479461325
835,128,0.999957934,0.999984156,0.999988668,0.662974653
836,128,0.998899558,0.999630154,0.999718521,0.938484487
837,128,0.999845768,0.999931333,0.999947743,0.997787237
838,128,1.000000145,1.000000813,1.000000926,0.999819815
839,128,0.998272562,0.999530259,0.99967126,0.650273081
840,128,0.99738927,0.999395168,0.999579553,0.730293876
841,128,0.995863839,0.999008744,0.999259385,0.337101653
842,128,0.99898424,0.999748812,0.999812756,0.662348989
843,128,0.999506139,0.999871297,0.999916339,0.867030618
844,128,0.999709222,0.999926611,0.999948811,0.74826712
845,128,0.999400563,0.999855558,0.999904165,0.938711882
846,128,0.995994652,0.998629667,0.99898596,0.297646075
847,128,0.998723857,0.999512158,0.999636091,0.720638399
848,128,0.999301565,0.999724257,0.999786464,0.904656174
849,128,0.998948384,0.999703377,0.999795877,0.896123708
850,128,0.999541368,0.999759108,0.999804896,0.712447105
851,128,0.999999333,1.000001062,1.000001383,0.99880898
852,128,0.999807446,0.999930789,0.999950976,0.903434097
853,128,0.999999611,1.000001136,1.000001443,0.999473155
854,128,1.000000195,1.000000224,1.000000228,0.999995828
855,128,0.99989893,0.999967652,0.999977814,0.887679337
856,128,0.99999005,0.999997884,0.999999461,0.999059737
857,128,1.000000244,1.000001073,1.000001252,0.991386294
858,128,1.000000395,1.000000681,1.000000728,0.99890101
859,128,0.999999887,1.000001058,1.000001222,0.999912977
860,128,1.000000492,1.000000762,1.000000806,0.999944806
861,128,0.999728451,0.999912118,0.999934031,0.708719068
862,128,0.998781906,0.999437774,0.999545639,0.502511678
863,128,1.000000343,1.000001668,1.000001901,0.999030709
864,128,0.999679405,0.999889331,0.999919765,0.703471949
865,128,0.999998742,1.000000937,1.00000137,0.999904275
866,128,1.000000408,1.000000492,1.000000502,0.999997854
867,128,0.999998955,1.000001455,1.000001996,0.99564594
868,128,0.99999925,1.000001253,1.000001711,0.996630251
869,128,1.000000054,1.000000062,1.000000063,0.999998927
870,128,0.999891239,0.999958153,0.999968026,0.565990331
871,128,0.999227485,0.999609105,0.999679176,0.640023713
872,128,0.999998797,1.000001013,1.000001444,0.999392271
873,128,0.9997884,0.999931265,0.999952127,0.784822284
874,128,0.99999996,1.000001201,1.000001424,0.999923229
875,128,1.000000362,1.000000551,1.000000577,0.999978065
876,128,0.999997629,1.000001365,1.000002157,0.992128014
877,128,0.99999988,1.000001529,1.000001904,0.998320997
878,128,1.000000291,1.000000295,1.000000295,0.999998331
879,128,0.999871892,0.999943906,0.999955685,0.530343117
880,128,0.997642061,0.998776541,0.999006269,0.332185771
881,128,0.99983787,0.999919587,0.999936726,0.920536401
882,128,0.999529286,0.999872643,0.999909452,0.518636165
883,128,0.999994945,1.000000862,1.000001897,0.997222066
884,128,1.000000376,1.000000457,1.000000473,0.999996066
885,128,0.998794609,0.999586067,0.99967921,0.475083802
886,128,0.999942993,0.99998022,0.999986087,0.904208661
887,128,1.000000494,1.000001007,1.000001097,0.999965787
888,128,0.999885144,0.999948801,0.999961735,0.992839337
889,128,0.999999805,1.000001583,1.000002006,0.999898195
890,128,1.000000103,1.000000161,1.000000171,0.999996066
891,128,0.998807469,0.999564507,0.999651242,0.495022383
892,128,0.999987923,0.999996508,0.999998306,0.959312795
893,128,0.999906946,0.9999624,0.999971752,0.885294792
894,128,0.999012088,0.9996853,0.999761079,0.50350701
895,128,0.991060452,0.9976787,0.99839773,0.547200748
896,128,0.990834664,0.997245649,0.997959862,0.774155548
897,128,0.999196477,0.999785578,0.99983709,0.73561626
898,128,0.987946381,0.99671215,0.997744747,0.518018827
899,128,0.996484789,0.998729146,0.999008746,0.42788034
900,128,0.99672297,0.998748543,0.999018378,0.593716277
901,128,0.999997252,1.000000975,1.000001643,0.999816716
902,128,0.998423337,0.999441527,0.999571249,0.641577071
903,128,0.999636016,0.999809639,0.999844929,0.965247928
904,128,1.00000034,1.000000712,1.000000788,0.999936223
905,128,0.995131637,0.998695128,0.999021364,0.425198045
906,128,0.999999576,1.000001377,1.000001735,0.999982119
907,128,0.999219236,0.999677682,0.99974843,0.584689373
908,128,0.999994113,0.999999903,1.000000789,0.995633185
909,128,0.999657183,0.999881403,0.99991211,0.746035694
910,128,1.000000656,1.00000153,1.000001713,0.999916196
911,128,1.00000021,1.000000235,1.000000238,0.999995828
912,128,0.999995327,0.999999762,1.000000712,0.992093742
913,128,0.999997268,1.000000928,1.000001773,0.996657729
914,128,1.000000211,1.000000217,1.000000218,0.999995828
915,128,0.999874941,0.999960684,0.999971167,0.45024788
916,128,0.997938677,0.999124474,0.999298935,0.573085183
917,128,0.999043224,0.999615445,0.999707912,0.459887332
918,128,0.999740776,0.999895807,0.999918871,0.990183055
919,128,1.000000297,1.0000014,1.000001619,0.999945521
920,128,0.999229572,0.999711808,0.999775807,0.690375636
921,128,0.999981665,0.99999296,0.999995621,0.999736369
922,128,1.000000635,1.000000786,1.000000815,0.999993443
923,128,0.999421606,0.99980183,0.999846434,0.946006955
924,128,0.999999783,1.000001096,1.000001329,0.99998939
925,128,0.999934032,0.999976309,0.999982951,0.998763323
926,128,1.000000331,1.000000973,1.000001081,0.998541594
927,128,0.999940324,0.999984493,0.99999026,0.910917876
928,128,1.000000318,1.000001254,1.00000142,0.999949574
929,128,1.000000556,1.000000586,1.00000059,0.999997258
930,128,0.999999519,1.000001421,1.000001827,0.997482717
931,128,0.999998741,1.000000782,1.000001194,0.997459352
932,128,1.0000001,1.000000108,1.000000109,0.999981523
933,128,0.999916973,0.999970842,0.9999792,0.497460992
934,128,0.999856908,0.999940765,0.999956351,0.98729986
935,128,1.000000143,1.000001298,1.000001508,0.99606365
936,128,0.999992079,0.999999218,1.000000429,0.9936831
937,128,1.000000671,1.000001814,1.000002069,0.9998945
938,128,1.000000368,1.000000443,1.000000453,0.999992609
939,128,0.999975691,0.999994056,0.999997252,0.978388131
940,128,0.999998971,1.000001169,1.000001606,0.999903679
941,128,1.000000491,1.000000666,1.000000694,0.999925852
942,128,1.000000545,1.000001049,1.000001136,0.99896729
943,128,0.999998653,1.000000813,1.000001147,0.999779522
944,128,1.000000633,1.000000866,1.000000891,0.999821246
945,128,0.999896647,0.999968105,0.999978386,0.856883169
946,128,0.986912282,0.997513538,0.998275483,0.340632402
947,128,0.996113374,0.998293396,0.99865392,0.669115069
948,128,0.999998605,1.000001228,1.00000178,0.99965024
949,128,0.999957666,0.99998527,0.999990666,0.981008173
950,128,1.00000003,1.000000784,1.00000093,0.999960661
951,128,1.00000046,1.000000515,1.000000521,0.999997854
952,128,0.999995347,1.000000112,1.000000691,0.987405002
953,128,1.000000322,1.000000946,1.000001057,0.999901533
954,128,1.000000443,1.000000635,1.000000655,0.999990582
955,128,0.999860775,0.999942621,0.999955242,0.94009185
956,128,0.999990209,0.999997971,0.999999611,0.999207914
957,128,1.000000437,1.000000567,1.000000581,0.999988317
958,128,0.999989356,0.999997613,0.999999282,0.998499155
959,128,1.000000531,1.000001686,1.000001931,0.997577846
960,128,1.000000571,1.000000716,1.000000744,0.999969006
961,128,0.999999354,1.000001154,1.000001377,0.999916673
962,128,1.000000648,1.000000894,1.00000093,0.999962211
963,128,1.000000372,1.000000716,1.000000742,0.99985075
964,128,0.998426879,0.999532116,0.999654889,0.545537661
965,128,0.986577857,0.996736994,0.9976762,0.30638627
966,128,0.97900566,0.993586731,0.995419518,0.571224452
967,128,0.997521565,0.999314487,0.999477649,0.466515911
968,128,0.936725753,0.98265071,0.987863677,0.483341216
969,128,0.974791727,0.989929281,0.992236291,0.330048908
970,128,0.990556946,0.996631091,0.99742002,0.550819206
971,128,0.999949651,0.999987028,0.999991943,0.738752181
972,128,0.997285369,0.999226353,0.999441576,0.431290973
973,128,0.999646127,0.999912508,0.999938398,0.88603604
974,128,0.999980575,0.999992339,0.999995045,0.991529226
975,128,0.999986754,0.99999772,0.999999649,0.9938066
976,128,0.997871925,0.999299644,0.999450516,0.588984503
977,128,0.999555719,0.999821442,0.999855978,0.706807559
978,128,0.999978945,0.999996969,0.999999085,0.817794799
979,128,1.000000661,1.000000977,1.000001032,0.999988675
980,128,1.000000402,1.000000449,1.000000453,0.999994993
981,128,0.999874995,0.999955564,0.999967823,0.974619807
982,128,0.999987821,0.999997642,0.999999446,0.997778237
983,128,1.000000423,1.000000497,1.000000512,0.99999392
984,128,0.999993157,0.999999726,1.000000569,0.985063553
985,128,1.000000427,1.000000448,1.00000045,0.999998808
986,128,1.000000184,1.000001438,1.000001608,0.99994266
987,128,0.999999372,1.000000961,1.00000125,0.995655537
988,128,1.000000413,1.00000053,1.000000547,0.999998093
989,128,0.999998863,1.000000835,1.000001117,0.988129973
990,128,1.000000444,1.00000071,1.000000757,0.999990582
991,128,0.99982711,0.999936273,0.99995203,0.613887319
992,128,0.983181275,0.995805576,0.997126826,0.299113391
993,128,0.998346556,0.999271369,0.999414459,0.562002956
994,128,0.999531794,0.999776319,0.999817825,0.978667319